[{"model": "auth.group", "pk": 1, "fields": {"name": "Administradores", "permissions": [153, 154, 155, 156, 157, 158, 159, 160, 161, 162, 163, 164, 165, 166, 167, 168, 169, 170, 171, 172, 173, 174, 175, 176, 177, 178, 179, 180, 181, 182, 183, 184, 257, 258, 259, 260, 261, 262, 263, 264, 217, 218, 219, 220, 41, 42, 43, 44, 113, 114, 115, 116, 109, 110, 111, 112, 25, 26, 27, 28, 29, 30, 31, 32, 33, 34, 35, 36, 121, 122, 123, 124, 45, 46, 47, 48, 49, 50, 51, 52, 53, 54, 55, 56, 57, 58, 59, 60, 77, 78, 79, 80, 89, 90, 91, 92, 81, 82, 83, 84, 85, 86, 87, 88, 93, 94, 95, 96, 137, 138, 139, 140, 213, 214, 215, 216, 21, 22, 23, 24]}}, {"model": "viatura.viatura", "pk": 5, "fields": {"veiculo": 9, "numero_viatura": "PUMA 1701", "datacriacao": "2020-05-27T19:08:41.318Z", "dataatualizacao": "2020-05-27T19:08:41.318Z"}}, {"model": "viatura.viatura", "pk": 6, "fields": {"veiculo": 10, "numero_viatura": "PUMA 1702", "datacriacao": "2020-05-27T19:09:10.678Z", "dataatualizacao": "2020-05-27T19:09:10.679Z"}}, {"model": "viatura.viatura", "pk": 7, "fields": {"veiculo": 11, "numero_viatura": "PUMA 1703", "datacriacao": "2020-05-27T19:09:41.337Z", "dataatualizacao": "2020-05-27T19:09:41.337Z"}}, {"model": "viatura.viatura", "pk": 8, "fields": {"veiculo": 19, "numero_viatura": "PUMA 81710", "datacriacao": "2020-06-01T19:20:10.297Z", "dataatualizacao": "2020-06-01T19:20:10.297Z"}}, {"model": "viatura.viatura", "pk": 9, "fields": {"veiculo": 20, "numero_viatura": "PUMA 81706", "datacriacao": "2020-06-01T19:20:42.518Z", "dataatualizacao": "2020-06-01T19:20:42.518Z"}}, {"model": "viatura.viatura", "pk": 10, "fields": {"veiculo": 21, "numero_viatura": "PUMA 81704", "datacriacao": "2020-06-01T19:21:12.863Z", "dataatualizacao": "2020-06-01T19:21:12.863Z"}}, {"model": "viatura.viatura", "pk": 11, "fields": {"veiculo": 22, "numero_viatura": "PUMA 81743", "datacriacao": "2020-06-01T19:21:42.525Z", "dataatualizacao": "2020-06-01T19:21:42.525Z"}}, {"model": "viatura.viatura", "pk": 12, "fields": {"veiculo": 23, "numero_viatura": "PUMA 81707", "datacriacao": "2020-06-01T19:22:11.121Z", "dataatualizacao": "2020-06-01T19:22:11.121Z"}}, {"model": "viatura.viatura", "pk": 13, "fields": {"veiculo": 24, "numero_viatura": "PUMA 81750", "datacriacao": "2020-06-01T20:52:54.756Z", "dataatualizacao": "2020-06-01T20:52:54.756Z"}}, {"model": "viatura.viatura", "pk": 14, "fields": {"veiculo": 25, "numero_viatura": "PUMA 81725", "datacriacao": "2020-06-01T20:53:48.451Z", "dataatualizacao": "2020-06-01T20:53:48.451Z"}}, {"model": "guarnicao.tiposervico", "pk": 1, "fields": {"tiposervico": "ORDIN\u00c1RIO"}}, {"model": "guarnicao.tiposervico", "pk": 2, "fields": {"tiposervico": "EXTRAORDIN\u00c1RIO"}}, {"model": "guarnicao.tiposervico", "pk": 3, "fields": {"tiposervico": "EVENTOS ESPECIAIS"}}, {"model": "guarnicao.tiposervico", "pk": 4, "fields": {"tiposervico": "PO A P\u00c9"}}, {"model": "guarnicao.modalidadedepoliciamento", "pk": 3, "fields": {"modalidade": "RADIOPATRULHAMENTO"}}, {"model": "guarnicao.modalidadedepoliciamento", "pk": 4, "fields": {"modalidade": "MOTOPATRULHAMENTO"}}, {"model": "guarnicao.modalidadedepoliciamento", "pk": 5, "fields": {"modalidade": "PO A P\u00c9"}}, {"model": "guarnicao.modalidadedepoliciamento", "pk": 6, "fields": {"modalidade": "EVENTOS ESPECIAIS"}}, {"model": "guarnicao.companhia", "pk": 1, "fields": {"companhia": "CETO"}}, {"model": "guarnicao.companhia", "pk": 2, "fields": {"companhia": "1\u00aa CIA PM"}}, {"model": "guarnicao.companhia", "pk": 3, "fields": {"companhia": "2\u00aa CIA PM"}}, {"model": "guarnicao.companhia", "pk": 4, "fields": {"companhia": "3\u00aa CIA PM"}}, {"model": "guarnicao.companhia", "pk": 5, "fields": {"companhia": "4\u00aa CIA PM"}}, {"model": "guarnicao.companhia", "pk": 6, "fields": {"companhia": "5\u00aa CIA PM"}}, {"model": "guarnicao.companhia", "pk": 7, "fields": {"companhia": "RONDA MARIA DA PENHA"}}, {"model": "guarnicao.companhia", "pk": 8, "fields": {"companhia": "RONDA COMERCIAL"}}, {"model": "ocorrencia.orgao", "pk": 1, "fields": {"nome": "SAMU"}}, {"model": "ocorrencia.orgao", "pk": 2, "fields": {"nome": "POL\u00cdCIA CIVIL"}}, {"model": "ocorrencia.orgao", "pk": 3, "fields": {"nome": "INEMA"}}, {"model": "ocorrencia.tipoocorrencia", "pk": 1, "fields": {"tipoocorrencia": "CRIMINAL"}}, {"model": "ocorrencia.tipoocorrencia", "pk": 2, "fields": {"tipoocorrencia": "ADMINISTRATIVA"}}, {"model": "ocorrencia.tipoocorrencia", "pk": 3, "fields": {"tipoocorrencia": "RAT"}}, {"model": "ocorrencia.infracao", "pk": 1, "fields": {"tipo": "ROUBO"}}, {"model": "ocorrencia.infracao", "pk": 2, "fields": {"tipo": "HOMIC\u00cdDIO"}}, {"model": "ocorrencia.infracao", "pk": 3, "fields": {"tipo": "FURTO"}}, {"model": "ocorrencia.infracao", "pk": 4, "fields": {"tipo": "TENTATIVA DE HOMIC\u00cdDIO"}}, {"model": "ocorrencia.infracao", "pk": 5, "fields": {"tipo": "N\u00c3O H\u00c1"}}, {"model": "ocorrencia.infracao", "pk": 6, "fields": {"tipo": "OCORR\u00caNCIA ADMINISTRATIVA"}}, {"model": "policial.postograduacao", "pk": 1, "fields": {"postograduacao": "SD PM"}}, {"model": "policial.postograduacao", "pk": 2, "fields": {"postograduacao": "CB PM"}}, {"model": "policial.postograduacao", "pk": 3, "fields": {"postograduacao": "MAJ PM"}}, {"model": "policial.postograduacao", "pk": 4, "fields": {"postograduacao": "TEN CEL PM"}}, {"model": "policial.postograduacao", "pk": 5, "fields": {"postograduacao": "SGT PM"}}, {"model": "policial.postograduacao", "pk": 6, "fields": {"postograduacao": "CAP PM"}}, {"model": "policial.postograduacao", "pk": 7, "fields": {"postograduacao": "SUB TEN PM"}}, {"model": "policial.postograduacao", "pk": 8, "fields": {"postograduacao": "TEN PM"}}, {"model": "policial.cargo", "pk": 1, "fields": {"cargo": "POLICIAL SEOP"}}, {"model": "policial.cargo", "pk": 2, "fields": {"cargo": "COMANDANTE DO BPM"}}, {"model": "policial.cargo", "pk": 3, "fields": {"cargo": "COORDENADOR DE \u00c1REA"}}, {"model": "policial.cargo", "pk": 5, "fields": {"cargo": "POLICIAL SAD"}}, {"model": "policial.tiposanguineo", "pk": 1, "fields": {"grupo": "O", "fatorRh": "+"}}, {"model": "policial.tiposanguineo", "pk": 2, "fields": {"grupo": "A", "fatorRh": "-"}}, {"model": "policial.tiposanguineo", "pk": 3, "fields": {"grupo": "A", "fatorRh": "+"}}, {"model": "policial.tiposanguineo", "pk": 4, "fields": {"grupo": "O", "fatorRh": "+"}}, {"model": "policialviatura.funcao", "pk": 1, "fields": {"funcao": "MOTORISTA/PILOTO"}}, {"model": "policialviatura.funcao", "pk": 2, "fields": {"funcao": "PATRULHEIRO"}}, {"model": "envolvido.tipoenvolvimento", "pk": 1, "fields": {"tipo": "SUSPEITO/CRIMINOSO"}}, {"model": "envolvido.tipoenvolvimento", "pk": 2, "fields": {"tipo": "TESTEMUNHA"}}, {"model": "localrecebedor.localrecebedor", "pk": 3, "fields": {"local": "22\u00aa COORPIN", "datacriacao": "2020-05-28T13:06:44.652Z", "dataatualizacao": "2020-05-28T13:06:44.652Z"}}, {"model": "localrecebedor.localrecebedor", "pk": 4, "fields": {"local": "SAMU", "datacriacao": "2020-05-28T13:06:48.833Z", "dataatualizacao": "2020-05-28T13:06:48.833Z"}}, {"model": "localrecebedor.localrecebedor", "pk": 5, "fields": {"local": "HOSPITAL REGIONAL DE GUANAMBI", "datacriacao": "2020-05-28T13:07:04.255Z", "dataatualizacao": "2020-05-28T13:07:04.255Z"}}, {"model": "localrecebedor.localrecebedor", "pk": 6, "fields": {"local": "DEPARTAMENTO DE TR\u00c2NSITO", "datacriacao": "2020-05-28T13:07:12.889Z", "dataatualizacao": "2020-05-28T13:07:12.889Z"}}, {"model": "acessoriosocorrencia.calibre", "pk": 1, "fields": {"calibre": ".556"}}, {"model": "acessoriosocorrencia.calibre", "pk": 2, "fields": {"calibre": ".40"}}, {"model": "acessoriosocorrencia.calibre", "pk": 3, "fields": {"calibre": ".380"}}, {"model": "acessoriosocorrencia.calibre", "pk": 4, "fields": {"calibre": ".38"}}, {"model": "acessoriosocorrencia.calibre", "pk": 5, "fields": {"calibre": ".765"}}, {"model": "acessoriosocorrencia.calibre", "pk": 6, "fields": {"calibre": "9mm"}}, {"model": "acessoriosocorrencia.calibre", "pk": 7, "fields": {"calibre": "12"}}, {"model": "acessoriosocorrencia.tipodoc", "pk": 1, "fields": {"tipo": "RG"}}, {"model": "acessoriosocorrencia.tipodoc", "pk": 2, "fields": {"tipo": "CNH"}}, {"model": "acessoriosocorrencia.tipodoc", "pk": 3, "fields": {"tipo": "CPF"}}, {"model": "acessoriosocorrencia.tipodoc", "pk": 4, "fields": {"tipo": "CARTEIRA DE TRABALHO"}}, {"model": "acessoriosocorrencia.tipodoc", "pk": 5, "fields": {"tipo": "T\u00cdTULO DE ELEITOR"}}, {"model": "acessoriosocorrencia.tiposdiversos", "pk": 1, "fields": {"tipo": "Televis\u00e3o"}}, {"model": "acessoriosocorrencia.tiposdiversos", "pk": 2, "fields": {"tipo": "TV"}}, {"model": "acessoriosocorrencia.fabricantearma", "pk": 2, "fields": {"fabricantearma": "TAURUS", "sigla": "PT"}}, {"model": "acessoriosocorrencia.fabricantearma", "pk": 3, "fields": {"fabricantearma": "TAURUS", "sigla": "TAURUS"}}, {"model": "acessoriosocorrencia.fabricantearma", "pk": 4, "fields": {"fabricantearma": "CBC", "sigla": "CBC"}}, {"model": "acessoriosocorrencia.fabricantearma", "pk": 5, "fields": {"fabricantearma": "GLOCK", "sigla": "GLOCK"}}, {"model": "acessoriosocorrencia.fabricantearma", "pk": 6, "fields": {"fabricantearma": "BERETTA", "sigla": "BERETTA"}}, {"model": "acessoriosocorrencia.fabricantearma", "pk": 7, "fields": {"fabricantearma": "WINCHESTER", "sigla": "WINCHESTER"}}, {"model": "acessoriosocorrencia.fabricantearma", "pk": 8, "fields": {"fabricantearma": "IMBEL", "sigla": "IMBEL"}}, {"model": "acessoriosocorrencia.tipoarma", "pk": 2, "fields": {"tipo": "ARMA DE FOGO"}}, {"model": "acessoriosocorrencia.tipoarma", "pk": 3, "fields": {"tipo": "ARMA BRANCA"}}, {"model": "acessoriosocorrencia.tipoarma", "pk": 4, "fields": {"tipo": "Artesanal"}}, {"model": "acessoriosocorrencia.tipodroga", "pk": 1, "fields": {"tipo": "MACONHA"}}, {"model": "acessoriosocorrencia.tipodroga", "pk": 2, "fields": {"tipo": "COCA\u00cdNA"}}, {"model": "acessoriosocorrencia.tipodroga", "pk": 3, "fields": {"tipo": "ECSTASE"}}, {"model": "acessoriosocorrencia.tipodroga", "pk": 4, "fields": {"tipo": "HERO\u00cdNA"}}, {"model": "acessoriosocorrencia.tipodroga", "pk": 5, "fields": {"tipo": "LSD"}}, {"model": "acessoriosocorrencia.tipodroga", "pk": 6, "fields": {"tipo": "CRACK"}}, {"model": "acessoriosocorrencia.armazenamentodroga", "pk": 3, "fields": {"armazenamento": "S\u00d3LIDA"}}, {"model": "acessoriosocorrencia.unidademedida", "pk": 1, "fields": {"unidade": "KG"}}, {"model": "acessoriosocorrencia.unidademedida", "pk": 2, "fields": {"unidade": "PINO"}}, {"model": "acessoriosocorrencia.unidademedida", "pk": 3, "fields": {"unidade": "MG"}}, {"model": "acessoriosocorrencia.unidademedida", "pk": 4, "fields": {"unidade": "G"}}, {"model": "acessoriosocorrencia.unidademedida", "pk": 5, "fields": {"unidade": "TON"}}, {"model": "veiculo.veiculo", "pk": 9, "fields": {"modelo": "HILUX", "status": "operacional", "placa": "JPA1827", "datacriacao": "2020-05-27T19:08:27.688Z", "dataatualizacao": "2020-05-27T19:08:27.688Z"}}, {"model": "veiculo.veiculo", "pk": 10, "fields": {"modelo": "RANGER", "status": "operacional", "placa": "PTT1778", "datacriacao": "2020-05-27T19:09:00.660Z", "dataatualizacao": "2020-05-27T19:09:00.660Z"}}, {"model": "veiculo.veiculo", "pk": 11, "fields": {"modelo": "SPIN", "status": "operacional", "placa": "PUH1276", "datacriacao": "2020-05-27T19:09:34.567Z", "dataatualizacao": "2020-05-27T19:09:34.567Z"}}, {"model": "veiculo.veiculo", "pk": 19, "fields": {"modelo": "HILUX", "status": "operacional", "placa": "PJA5848", "datacriacao": "2020-06-01T19:19:49.457Z", "dataatualizacao": "2020-06-01T19:19:49.457Z"}}, {"model": "veiculo.veiculo", "pk": 20, "fields": {"modelo": "SPIN", "status": "operacional", "placa": "PJJ4444", "datacriacao": "2020-06-01T19:20:32.084Z", "dataatualizacao": "2020-06-01T19:20:32.084Z"}}, {"model": "veiculo.veiculo", "pk": 21, "fields": {"modelo": "SPIN", "status": "operacional", "placa": "PKK5555", "datacriacao": "2020-06-01T19:21:02.870Z", "dataatualizacao": "2020-06-01T19:21:02.870Z"}}, {"model": "veiculo.veiculo", "pk": 22, "fields": {"modelo": "SPIN", "status": "operacional", "placa": "PSS5555", "datacriacao": "2020-06-01T19:21:28.712Z", "dataatualizacao": "2020-06-01T19:21:28.712Z"}}, {"model": "veiculo.veiculo", "pk": 23, "fields": {"modelo": "S10", "status": "operacional", "placa": "PAA1111", "datacriacao": "2020-06-01T19:22:00.845Z", "dataatualizacao": "2020-06-01T19:22:00.845Z"}}, {"model": "veiculo.veiculo", "pk": 24, "fields": {"modelo": "XRE 300", "status": "operacional", "placa": "PLL1111", "datacriacao": "2020-06-01T20:52:43.665Z", "dataatualizacao": "2020-06-01T20:52:43.665Z"}}, {"model": "veiculo.veiculo", "pk": 25, "fields": {"modelo": "XRE 300", "status": "operacional", "placa": "PLL5656", "datacriacao": "2020-06-01T20:53:14.874Z", "dataatualizacao": "2020-06-01T20:53:14.874Z"}}, {"model": "contasdeusuario.usuario", "pk": 1, "fields": {"password": "pbkdf2_sha256$180000$I73W9huA2WUt$FOS8xrTX8Ra/9zuH43Tmt9FTI2T4FYdqhwHD+jdlgK4=", "last_login": "2020-07-14T14:09:44.948Z", "is_superuser": true, "nome": "admin", "sexo": "M", "email": "admin@admin.com", "dtnascimento": "1999-01-01", "cpf": "000.000.000-00", "matricula": "0000", "is_active": true, "is_staff": true, "datacriacao": "2020-04-21T20:48:45.763Z", "dataatualizacao": "2020-07-06T12:12:01.128Z", "groups": [], "user_permissions": []}}, {"model": "contasdeusuario.usuario", "pk": 9, "fields": {"password": "pbkdf2_sha256$180000$ZAPQL3K4DsJd$KCG/5B7Hlk9Ggd+nNqGg2j6WpSUynuULsQm8bY3y514=", "last_login": "2020-07-02T17:52:07.691Z", "is_superuser": false, "nome": "OSEIAS UELDES DA SILVA SANTOS", "sexo": "M", "email": "oseiasbahia@hotmail.com", "dtnascimento": "1982-12-07", "cpf": "81721145591", "matricula": "304812876", "is_active": true, "is_staff": true, "datacriacao": "2020-05-25T16:09:14.451Z", "dataatualizacao": "2020-07-07T13:02:47.623Z", "groups": [1], "user_permissions": []}}, {"model": "contasdeusuario.usuario", "pk": 10, "fields": {"password": "pbkdf2_sha256$180000$KeTjXfpgBh6d$Qi9zbKzz0dSKMvyENwFq673tQzfCk9loGzJPLvChgVk=", "last_login": "2020-07-07T22:56:02.965Z", "is_superuser": false, "nome": "Fabio Lima", "sexo": "M", "email": "fabiocomputacao@hotmail.com", "dtnascimento": "2020-05-04", "cpf": "11111111111", "matricula": "5000", "is_active": true, "is_staff": true, "datacriacao": "2020-05-25T16:17:29.219Z", "dataatualizacao": "2020-07-07T22:55:13.245Z", "groups": [1], "user_permissions": []}}, {"model": "acidente.tipoacidente", "pk": 1, "fields": {"tipo": "COLIS\u00c3O FRONTAL"}}, {"model": "acidente.tipoacidente", "pk": 2, "fields": {"tipo": "COLIS\u00c3O LATERAL"}}, {"model": "acidente.tipoacidente", "pk": 3, "fields": {"tipo": "COLIS\u00c3O TRASEIRA"}}, {"model": "acidente.tipoacidente", "pk": 4, "fields": {"tipo": "COLIS\u00c3O DIAGONAL"}}, {"model": "acidente.condicaovia", "pk": 1, "fields": {"condicao": "PISTA MOLHADA"}}, {"model": "acidente.condicaovia", "pk": 2, "fields": {"condicao": "PISTA ACIDENTADA"}}, {"model": "acidente.condicaovia", "pk": 3, "fields": {"condicao": "PISTA SECA"}}, {"model": "acidente.condicaosinalizacao", "pk": 1, "fields": {"condicao": "INEXISTENTE"}}, {"model": "acidente.condicaosinalizacao", "pk": 2, "fields": {"condicao": "ILEG\u00cdVEL"}}, {"model": "acidente.tracadovia", "pk": 1, "fields": {"tracado": "FAIXA BRANCA CONT\u00cdNU"}}, {"model": "acidente.tracadovia", "pk": 2, "fields": {"tracado": "FAIXA AMARELA CONT\u00cdN"}}, {"model": "acidente.tracadovia", "pk": 3, "fields": {"tracado": "FAIXA BRANCA INTERRO"}}, {"model": "acidente.tracadovia", "pk": 4, "fields": {"tracado": "SIMPLES CONT\u00cdNUA"}}, {"model": "acidente.tracadovia", "pk": 5, "fields": {"tracado": "SIMPLES CONT\u00cdNUA"}}, {"model": "acidente.condicaometeorologica", "pk": 1, "fields": {"condicao": "TEMPO CHUVOSO"}}, {"model": "acidente.condicaometeorologica", "pk": 2, "fields": {"condicao": "TEMPO NUBLADO"}}, {"model": "acidente.condicaometeorologica", "pk": 3, "fields": {"condicao": "NEBLINA"}}, {"model": "acidente.pavimentacao", "pk": 1, "fields": {"tipo": "ASFALTAMENTO"}}, {"model": "acidente.pavimentacao", "pk": 2, "fields": {"tipo": "CONCRETO"}}, {"model": "acidente.pavimentacao", "pk": 3, "fields": {"tipo": "ESTRADA DE CH\u00c3O"}}, {"model": "batalhao.batalhao", "pk": 1, "fields": {"batalhao": "17\u00ba BPM"}}, {"model": "batalhao.batalhaomunicipios", "pk": 1, "fields": {"batalhao": 1, "municipio": 2911709}}, {"model": "batalhao.batalhaomunicipios", "pk": 2, "fields": {"batalhao": 1, "municipio": 2921054}}, {"model": "batalhao.batalhaomunicipios", "pk": 3, "fields": {"batalhao": 1, "municipio": 2923407}}, {"model": "batalhao.batalhaomunicipios", "pk": 4, "fields": {"batalhao": 1, "municipio": 2917334}}, {"model": "batalhao.batalhaomunicipios", "pk": 5, "fields": {"batalhao": 1, "municipio": 2920205}}, {"model": "batalhao.batalhaomunicipios", "pk": 6, "fields": {"batalhao": 1, "municipio": 2907103}}, {"model": "batalhao.batalhaomunicipios", "pk": 7, "fields": {"batalhao": 1, "municipio": 2906600}}, {"model": "batalhao.batalhaomunicipios", "pk": 8, "fields": {"batalhao": 1, "municipio": 2924504}}, {"model": "batalhao.batalhaomunicipios", "pk": 9, "fields": {"batalhao": 1, "municipio": 2932606}}, {"model": "authtoken.token", "pk": "4745a78387f00c71a7bcedef55443717aa3e6b8d", "fields": {"user": 1, "created": "2020-05-25T13:14:15.139Z"}}, {"model": "authtoken.token", "pk": "8c11cb12fc5517e7d1030aca7e592c5c2a04f7b2", "fields": {"user": 10, "created": "2020-06-30T23:01:39.679Z"}}, {"model": "authtoken.token", "pk": "c01f18c72e809fea66aa2215554d6d1d9fc30293", "fields": {"user": 9, "created": "2020-07-02T17:30:04.265Z"}}, {"model": "policial.policial", "pk": 1, "fields": {"postograduacao": 1, "cargo": 2, "tiposanguineo": 4, "matricula": 1, "batalhao": 1, "nomeguerra": "Administrador", "dtpraca": "2020-05-18", "foto": "imagens_perfil/perfil.png"}}, {"model": "policial.policial", "pk": 7, "fields": {"postograduacao": 2, "cargo": 1, "tiposanguineo": 1, "matricula": 10, "batalhao": 1, "nomeguerra": "Fab\u00e3o", "dtpraca": "2019-08-08", "foto": "imagens_perfil/perfil.png"}}, {"model": "policial.policial", "pk": 8, "fields": {"postograduacao": 1, "cargo": 1, "tiposanguineo": 3, "matricula": 9, "batalhao": 1, "nomeguerra": "OS\u00c9IAS", "dtpraca": "2008-04-01", "foto": "imagens_perfil/perfil.png"}}]